organization,user,number,is_pr,state,created_at,updated_at,closed_at,repo
datacarpentry,pmarchand1,215,TRUE,closed,2018-04-13T20:42:05Z,2018-04-16T21:48:22Z,2018-04-16T21:22:56Z,sql-ecology-lesson
datacarpentry,pmarchand1,214,FALSE,open,2018-04-13T19:54:52Z,2018-04-16T21:17:47Z,NA,sql-ecology-lesson
datacarpentry,remram44,212,TRUE,closed,2018-03-15T21:12:31Z,2018-04-13T16:30:37Z,2018-04-13T16:30:25Z,sql-ecology-lesson
datacarpentry,mkweskin,210,FALSE,closed,2018-03-08T11:55:44Z,2018-04-13T16:30:25Z,2018-04-13T16:30:25Z,sql-ecology-lesson
datacarpentry,remram44,204,TRUE,closed,2018-01-30T20:40:57Z,2018-04-16T21:25:01Z,2018-04-16T21:22:58Z,sql-ecology-lesson
datacarpentry,remram44,202,FALSE,closed,2018-01-03T19:34:42Z,2018-04-18T23:27:11Z,2018-04-13T20:04:40Z,sql-ecology-lesson
datacarpentry,nek555,187,TRUE,closed,2017-08-06T04:34:03Z,2018-04-16T21:52:01Z,2018-04-16T21:29:44Z,sql-ecology-lesson
datacarpentry,ErinBecker,179,FALSE,open,2017-05-09T18:02:37Z,2018-04-13T20:44:19Z,NA,sql-ecology-lesson
datacarpentry,fmichonneau,234,FALSE,closed,2018-04-17T21:52:23Z,2018-04-18T14:26:10Z,2018-04-18T14:26:10Z,spreadsheet-ecology-lesson
datacarpentry,tracykteal,233,TRUE,closed,2018-04-13T23:11:07Z,2018-04-16T21:31:52Z,2018-04-16T21:31:52Z,spreadsheet-ecology-lesson
datacarpentry,tracykteal,232,TRUE,closed,2018-04-13T20:37:04Z,2018-04-16T21:31:34Z,2018-04-16T21:31:25Z,spreadsheet-ecology-lesson
datacarpentry,tracykteal,231,TRUE,open,2018-04-13T17:53:12Z,2018-04-13T23:17:14Z,NA,spreadsheet-ecology-lesson
datacarpentry,ctb,230,FALSE,open,2018-04-11T14:02:30Z,2018-04-11T15:43:12Z,NA,spreadsheet-ecology-lesson
datacarpentry,mjones01,229,TRUE,closed,2018-04-09T18:14:56Z,2018-04-09T18:40:31Z,2018-04-09T18:40:31Z,spreadsheet-ecology-lesson
datacarpentry,hoytpr,227,FALSE,open,2018-03-27T17:56:05Z,2018-04-18T14:25:35Z,NA,spreadsheet-ecology-lesson
datacarpentry,tylerjrichards,222,FALSE,closed,2017-12-17T20:26:01Z,2018-04-11T14:35:55Z,2018-04-11T14:35:54Z,spreadsheet-ecology-lesson
datacarpentry,agbeltran,209,FALSE,open,2017-07-26T13:29:22Z,2018-04-18T14:25:37Z,NA,spreadsheet-ecology-lesson
datacarpentry,agbeltran,206,FALSE,open,2017-07-26T12:14:33Z,2018-04-18T14:25:37Z,NA,spreadsheet-ecology-lesson
datacarpentry,mcnabbkb,197,FALSE,open,2017-06-05T16:01:03Z,2018-04-18T14:25:36Z,NA,spreadsheet-ecology-lesson
datacarpentry,DrK-Lo,196,FALSE,open,2017-06-05T13:19:25Z,2018-04-18T14:25:38Z,NA,spreadsheet-ecology-lesson
datacarpentry,DanielleQuinn,192,FALSE,open,2017-05-08T02:24:07Z,2018-04-18T14:25:35Z,NA,spreadsheet-ecology-lesson
datacarpentry,tracykteal,177,FALSE,closed,2017-04-25T20:42:50Z,2018-04-18T00:36:30Z,2018-04-18T00:36:30Z,spreadsheet-ecology-lesson
datacarpentry,ErinBecker,97,FALSE,closed,2017-03-16T22:53:42Z,2018-04-13T23:03:58Z,2018-04-13T23:03:58Z,spreadsheet-ecology-lesson
datacarpentry,gallingerj,53,FALSE,closed,2016-09-13T18:20:38Z,2018-04-13T23:13:00Z,2018-04-13T23:13:00Z,spreadsheet-ecology-lesson
datacarpentry,apreshill,45,FALSE,open,2016-04-12T17:18:28Z,2018-04-18T14:25:37Z,NA,spreadsheet-ecology-lesson
datacarpentry,tracykteal,24,FALSE,closed,2015-08-25T15:04:10Z,2018-04-13T18:33:48Z,2018-04-13T18:33:48Z,spreadsheet-ecology-lesson
datacarpentry,mkuzak,5,FALSE,open,2015-03-17T16:20:26Z,2018-04-18T14:25:37Z,NA,spreadsheet-ecology-lesson
datacarpentry,tmorrell,270,FALSE,open,2018-04-24T20:13:57Z,2018-04-24T20:13:57Z,NA,python-ecology-lesson
datacarpentry,tmorrell,269,TRUE,open,2018-04-24T17:34:48Z,2018-04-24T17:34:48Z,NA,python-ecology-lesson
datacarpentry,colinmorris,268,FALSE,open,2018-04-17T20:24:30Z,2018-04-24T18:19:45Z,NA,python-ecology-lesson
datacarpentry,colinmorris,267,FALSE,open,2018-04-17T20:13:29Z,2018-04-17T20:13:29Z,NA,python-ecology-lesson
datacarpentry,colinmorris,266,FALSE,open,2018-04-17T20:10:42Z,2018-04-17T20:19:53Z,NA,python-ecology-lesson
datacarpentry,EdMBarry,265,TRUE,open,2018-04-16T09:23:04Z,2018-04-17T08:51:32Z,NA,python-ecology-lesson
datacarpentry,stijnvanhoey,264,TRUE,closed,2018-04-14T13:50:28Z,2018-04-14T13:56:31Z,2018-04-14T13:52:07Z,python-ecology-lesson
datacarpentry,katrintirok,263,TRUE,closed,2018-04-12T20:33:04Z,2018-04-13T16:45:41Z,2018-04-13T16:45:41Z,python-ecology-lesson
datacarpentry,katrintirok,262,FALSE,open,2018-04-12T15:36:57Z,2018-04-12T15:36:57Z,NA,python-ecology-lesson
datacarpentry,katrintirok,261,TRUE,closed,2018-04-09T19:54:23Z,2018-04-13T18:25:02Z,2018-04-13T18:22:06Z,python-ecology-lesson
datacarpentry,katrintirok,260,TRUE,open,2018-04-09T19:50:04Z,2018-04-18T13:10:52Z,NA,python-ecology-lesson
datacarpentry,katrintirok,259,FALSE,open,2018-04-08T20:02:30Z,2018-04-08T20:02:30Z,NA,python-ecology-lesson
datacarpentry,katrintirok,258,TRUE,open,2018-04-08T20:00:10Z,2018-04-18T13:10:38Z,NA,python-ecology-lesson
datacarpentry,katrintirok,257,TRUE,open,2018-04-08T14:26:50Z,2018-04-09T19:54:59Z,NA,python-ecology-lesson
datacarpentry,eotp,256,TRUE,closed,2018-04-07T00:31:19Z,2018-04-07T13:56:38Z,2018-04-07T13:56:30Z,python-ecology-lesson
datacarpentry,eotp,255,TRUE,closed,2018-04-06T22:42:24Z,2018-04-07T16:29:19Z,2018-04-07T16:29:17Z,python-ecology-lesson
datacarpentry,wrightaprilm,254,FALSE,open,2018-04-05T20:26:13Z,2018-04-08T18:08:22Z,NA,python-ecology-lesson
datacarpentry,eldrn1,253,TRUE,open,2018-04-05T19:03:11Z,2018-04-07T16:28:47Z,NA,python-ecology-lesson
datacarpentry,wrightaprilm,252,FALSE,open,2018-04-05T18:43:38Z,2018-04-06T16:41:46Z,NA,python-ecology-lesson
datacarpentry,wrightaprilm,251,FALSE,open,2018-04-05T18:27:02Z,2018-04-13T17:56:55Z,NA,python-ecology-lesson
datacarpentry,oxpeter,250,TRUE,closed,2018-03-13T03:21:12Z,2018-04-02T14:29:48Z,2018-04-02T14:29:46Z,python-ecology-lesson
datacarpentry,Amrithasuresh,249,TRUE,closed,2018-03-10T21:18:53Z,2018-04-02T14:29:12Z,2018-04-02T14:29:09Z,python-ecology-lesson
datacarpentry,stijnvanhoey,248,TRUE,closed,2018-03-07T20:53:54Z,2018-04-17T20:29:10Z,2018-04-13T17:55:44Z,python-ecology-lesson
datacarpentry,mboisson,247,TRUE,open,2018-03-05T18:43:10Z,2018-04-07T16:28:18Z,NA,python-ecology-lesson
datacarpentry,stijnvanhoey,246,FALSE,open,2018-03-03T15:57:55Z,2018-04-17T20:14:55Z,NA,python-ecology-lesson
datacarpentry,wrightaprilm,245,FALSE,closed,2018-02-28T04:35:53Z,2018-04-05T20:13:34Z,2018-04-05T18:32:46Z,python-ecology-lesson
datacarpentry,hec8855,244,FALSE,closed,2018-02-20T19:30:19Z,2018-04-13T16:46:22Z,2018-04-13T16:46:22Z,python-ecology-lesson
datacarpentry,cbrafter,239,FALSE,open,2018-01-24T15:05:32Z,2018-04-09T19:57:58Z,NA,python-ecology-lesson
datacarpentry,daviddesancho,237,TRUE,open,2018-01-24T13:06:04Z,2018-04-07T16:28:01Z,NA,python-ecology-lesson
datacarpentry,ErinBecker,232,FALSE,closed,2017-12-12T16:31:58Z,2018-04-05T19:07:07Z,2018-04-05T19:07:07Z,python-ecology-lesson
datacarpentry,colinmorris,228,FALSE,closed,2017-11-08T22:49:25Z,2018-04-05T19:06:07Z,2018-04-05T19:06:07Z,python-ecology-lesson
datacarpentry,colinmorris,226,FALSE,closed,2017-11-07T19:25:23Z,2018-04-05T18:57:00Z,2018-04-05T18:57:00Z,python-ecology-lesson
datacarpentry,colinmorris,224,FALSE,open,2017-11-06T01:36:59Z,2018-04-06T16:36:48Z,NA,python-ecology-lesson
datacarpentry,colinmorris,223,FALSE,open,2017-11-06T01:19:03Z,2018-04-09T19:56:19Z,NA,python-ecology-lesson
datacarpentry,colinmorris,221,FALSE,open,2017-11-05T23:41:29Z,2018-04-06T16:35:25Z,NA,python-ecology-lesson
datacarpentry,chitrakgupta,218,FALSE,closed,2017-10-28T21:36:31Z,2018-04-05T18:48:21Z,2018-04-05T18:48:21Z,python-ecology-lesson
datacarpentry,golnoosh7,217,FALSE,closed,2017-10-25T19:09:07Z,2018-04-05T18:45:10Z,2018-04-05T18:45:10Z,python-ecology-lesson
datacarpentry,LucaDiStasio,211,TRUE,open,2017-09-05T14:48:00Z,2018-04-07T16:27:18Z,NA,python-ecology-lesson
datacarpentry,raynamharris,197,FALSE,closed,2017-07-08T00:52:02Z,2018-04-05T18:45:34Z,2018-04-05T18:45:34Z,python-ecology-lesson
datacarpentry,tmorrell,186,TRUE,closed,2017-04-28T21:27:52Z,2018-04-07T16:23:56Z,2018-04-07T16:23:56Z,python-ecology-lesson
datacarpentry,weiapplele,142,TRUE,closed,2017-01-17T22:28:36Z,2018-04-07T16:25:11Z,2018-04-07T16:25:11Z,python-ecology-lesson
datacarpentry,qjcg,139,FALSE,open,2017-01-16T12:52:43Z,2018-04-06T16:34:35Z,NA,python-ecology-lesson
datacarpentry,aschoenr,77,TRUE,closed,2016-08-11T20:04:22Z,2018-04-07T16:24:27Z,2018-04-07T16:24:27Z,python-ecology-lesson
datacarpentry,justbennet,54,TRUE,closed,2016-04-20T03:09:36Z,2018-04-07T16:24:45Z,2018-04-07T16:24:45Z,python-ecology-lesson
datacarpentry,tracykteal,20,FALSE,open,2015-12-04T22:59:39Z,2018-04-05T22:02:23Z,NA,python-ecology-lesson
datacarpentry,jessicamizzi,141,TRUE,closed,2018-04-13T20:52:31Z,2018-04-13T21:24:09Z,2018-04-13T21:17:43Z,shell-genomics
datacarpentry,ErinBecker,140,TRUE,closed,2018-04-13T16:05:48Z,2018-04-13T21:32:21Z,2018-04-13T21:32:21Z,shell-genomics
datacarpentry,ctb,138,TRUE,closed,2018-02-14T21:41:47Z,2018-04-13T16:00:38Z,2018-04-13T16:00:37Z,shell-genomics
datacarpentry,aschuerch,135,TRUE,closed,2018-01-29T09:57:33Z,2018-04-13T15:58:18Z,2018-04-13T15:57:51Z,shell-genomics
datacarpentry,samnooij,131,FALSE,open,2018-01-15T13:45:22Z,2018-04-13T20:28:42Z,NA,shell-genomics
datacarpentry,Schmops78,130,FALSE,open,2018-01-10T00:51:20Z,2018-04-13T22:35:04Z,NA,shell-genomics
datacarpentry,aschuerch,125,FALSE,closed,2017-12-13T13:31:04Z,2018-04-13T18:07:41Z,2018-04-13T18:07:17Z,shell-genomics
datacarpentry,dleehr,121,FALSE,open,2017-11-21T19:12:56Z,2018-04-17T22:03:45Z,NA,shell-genomics
datacarpentry,ErinBecker,117,FALSE,open,2017-11-21T00:37:55Z,2018-04-17T22:03:45Z,NA,shell-genomics
datacarpentry,ErinBecker,114,FALSE,open,2017-11-21T00:24:02Z,2018-04-17T22:03:45Z,NA,shell-genomics
datacarpentry,aschuerch,111,FALSE,open,2017-11-14T15:47:14Z,2018-04-17T22:03:34Z,NA,shell-genomics
datacarpentry,katrinleinweber,85,TRUE,open,2018-04-13T12:13:59Z,2018-04-13T12:13:59Z,NA,R-genomics
datacarpentry,standage,117,FALSE,open,2018-04-13T17:48:46Z,2018-04-13T17:48:46Z,NA,wrangling-genomics
datacarpentry,taylorreiter,113,FALSE,open,2018-01-25T19:47:29Z,2018-04-17T17:47:49Z,NA,wrangling-genomics
datacarpentry,taylorreiter,112,FALSE,open,2018-01-25T18:16:11Z,2018-04-13T18:30:54Z,NA,wrangling-genomics
datacarpentry,taylorreiter,111,FALSE,open,2018-01-25T17:23:33Z,2018-04-17T17:47:07Z,NA,wrangling-genomics
datacarpentry,ErinBecker,93,FALSE,open,2017-11-20T22:22:41Z,2018-04-17T22:09:56Z,NA,wrangling-genomics
datacarpentry,ErinBecker,91,FALSE,open,2017-11-16T22:25:22Z,2018-04-17T22:09:56Z,NA,wrangling-genomics
datacarpentry,crazyhottommy,76,FALSE,open,2017-11-09T20:06:41Z,2018-04-17T22:09:56Z,NA,wrangling-genomics
datacarpentry,lexnederbragt,60,FALSE,open,2017-10-18T09:04:47Z,2018-04-17T22:09:56Z,NA,wrangling-genomics
datacarpentry,lexnederbragt,56,FALSE,open,2017-10-18T08:49:44Z,2018-04-17T22:09:56Z,NA,wrangling-genomics
datacarpentry,ErinBecker,50,FALSE,open,2017-10-17T18:42:28Z,2018-04-17T22:09:26Z,NA,wrangling-genomics
datacarpentry,JasonJWilliamsNY,37,FALSE,open,2017-08-31T18:12:28Z,2018-04-17T22:07:41Z,NA,wrangling-genomics
datacarpentry,brooksph,61,TRUE,closed,2018-04-13T23:16:47Z,2018-04-15T22:03:54Z,2018-04-14T13:58:20Z,organization-genomics
datacarpentry,ljcohen,60,TRUE,closed,2018-04-13T19:55:50Z,2018-04-13T20:43:39Z,2018-04-13T20:43:39Z,organization-genomics
datacarpentry,raynamharris,57,TRUE,closed,2018-03-20T21:20:51Z,2018-04-04T14:08:06Z,2018-04-03T20:54:29Z,organization-genomics
datacarpentry,tracykteal,56,FALSE,closed,2018-01-24T13:44:33Z,2018-04-13T20:46:29Z,2018-04-13T20:46:29Z,organization-genomics
datacarpentry,aays,39,TRUE,closed,2017-10-22T20:04:43Z,2018-04-08T23:46:47Z,2017-11-13T16:58:43Z,organization-genomics
datacarpentry,sstevens2,32,FALSE,open,2017-08-30T20:08:14Z,2018-04-17T22:12:00Z,NA,organization-genomics
datacarpentry,tracykteal,27,FALSE,open,2016-12-08T00:35:19Z,2018-04-17T22:12:57Z,NA,organization-genomics
datacarpentry,tracykteal,26,FALSE,open,2016-12-08T00:09:17Z,2018-04-17T22:12:57Z,NA,organization-genomics
datacarpentry,ACharbonneau,23,FALSE,open,2015-07-06T21:42:10Z,2018-04-17T22:12:57Z,NA,organization-genomics
datacarpentry,fmichonneau,5,FALSE,open,2018-04-18T16:41:52Z,2018-04-18T16:41:52Z,NA,scripting-ecology
datacarpentry,AshKernow,407,FALSE,closed,2018-04-24T11:26:46Z,2018-04-24T12:50:53Z,2018-04-24T12:50:53Z,R-ecology-lesson
datacarpentry,humburg,406,FALSE,open,2018-04-24T04:28:29Z,2018-04-24T20:10:58Z,NA,R-ecology-lesson
datacarpentry,dwbapst,405,FALSE,closed,2018-04-20T21:23:56Z,2018-04-23T15:12:59Z,2018-04-23T13:54:00Z,R-ecology-lesson
datacarpentry,stragu,404,TRUE,closed,2018-04-18T12:46:54Z,2018-04-18T13:47:21Z,2018-04-18T13:46:08Z,R-ecology-lesson
datacarpentry,stragu,403,TRUE,closed,2018-04-18T12:32:50Z,2018-04-18T13:54:54Z,2018-04-18T13:48:06Z,R-ecology-lesson
datacarpentry,stragu,402,TRUE,closed,2018-04-18T12:03:54Z,2018-04-18T14:05:42Z,2018-04-18T14:05:42Z,R-ecology-lesson
datacarpentry,cengel,401,TRUE,closed,2018-04-13T20:21:31Z,2018-04-14T01:52:13Z,2018-04-13T20:22:44Z,R-ecology-lesson
datacarpentry,anacost,400,TRUE,closed,2018-04-13T08:35:21Z,2018-04-13T18:20:00Z,2018-04-13T18:20:00Z,R-ecology-lesson
datacarpentry,shayofarrell,399,TRUE,closed,2018-04-12T22:45:56Z,2018-04-16T02:15:44Z,2018-04-13T18:20:36Z,R-ecology-lesson
datacarpentry,anacost,398,FALSE,closed,2018-04-12T15:08:34Z,2018-04-12T15:18:22Z,2018-04-12T15:18:22Z,R-ecology-lesson
datacarpentry,anacost,397,TRUE,closed,2018-04-12T15:04:32Z,2018-04-12T15:10:58Z,2018-04-12T15:10:58Z,R-ecology-lesson
datacarpentry,fmichonneau,396,FALSE,open,2018-04-12T13:45:21Z,2018-04-13T20:23:12Z,NA,R-ecology-lesson
datacarpentry,MilesMcBain,395,TRUE,closed,2018-04-10T00:07:42Z,2018-04-10T00:44:05Z,2018-04-10T00:44:01Z,R-ecology-lesson
datacarpentry,dagimy,394,TRUE,closed,2018-04-05T08:22:43Z,2018-04-12T13:40:51Z,2018-04-12T13:40:42Z,R-ecology-lesson
datacarpentry,PeteHaitch,393,FALSE,closed,2018-04-03T16:10:54Z,2018-04-12T14:11:06Z,2018-04-12T14:10:39Z,R-ecology-lesson
datacarpentry,maurolepore,392,TRUE,closed,2018-04-01T14:18:12Z,2018-04-12T13:50:36Z,2018-04-12T13:46:07Z,R-ecology-lesson
datacarpentry,eoziolor,391,FALSE,open,2018-03-28T17:55:12Z,2018-04-18T16:04:29Z,NA,R-ecology-lesson
datacarpentry,sgclarkevt,390,FALSE,closed,2018-03-28T13:15:34Z,2018-04-13T14:18:42Z,2018-04-12T15:52:25Z,R-ecology-lesson
datacarpentry,maurolepore,384,FALSE,open,2018-03-18T02:19:12Z,2018-04-12T16:04:14Z,NA,R-ecology-lesson
datacarpentry,kathy0305,381,TRUE,closed,2018-03-12T16:56:12Z,2018-04-12T14:35:48Z,2018-04-12T14:35:48Z,R-ecology-lesson
datacarpentry,maurolepore,378,FALSE,open,2018-03-10T17:44:16Z,2018-04-10T06:52:43Z,NA,R-ecology-lesson
datacarpentry,sdtaylor,376,FALSE,open,2018-03-09T20:49:14Z,2018-04-10T06:59:49Z,NA,R-ecology-lesson
datacarpentry,fmichonneau,375,FALSE,closed,2018-03-09T20:38:40Z,2018-04-12T16:08:09Z,2018-04-12T16:08:02Z,R-ecology-lesson
datacarpentry,chriseshleman,370,FALSE,closed,2018-03-02T20:46:47Z,2018-04-12T14:44:41Z,2018-04-12T14:44:41Z,R-ecology-lesson
datacarpentry,chriseshleman,369,TRUE,closed,2018-03-02T20:42:39Z,2018-04-12T14:40:49Z,2018-04-12T14:40:41Z,R-ecology-lesson
datacarpentry,sheraaron,366,FALSE,closed,2018-03-01T16:49:39Z,2018-04-12T16:09:23Z,2018-04-12T16:09:23Z,R-ecology-lesson
datacarpentry,scortijo,365,TRUE,closed,2018-02-26T16:26:54Z,2018-04-12T14:53:14Z,2018-04-12T14:53:14Z,R-ecology-lesson
datacarpentry,fmichonneau,359,FALSE,open,2018-01-31T15:37:25Z,2018-04-09T17:35:17Z,NA,R-ecology-lesson
datacarpentry,sheraaron,357,FALSE,closed,2018-01-25T03:14:25Z,2018-04-12T16:10:08Z,2018-04-12T16:10:08Z,R-ecology-lesson
datacarpentry,WeeBeasties,356,FALSE,open,2018-01-23T15:47:43Z,2018-04-09T17:37:38Z,NA,R-ecology-lesson
datacarpentry,fmichonneau,353,FALSE,open,2018-01-22T17:15:05Z,2018-04-09T17:37:07Z,NA,R-ecology-lesson
datacarpentry,AliBerens,338,FALSE,closed,2017-12-21T21:04:14Z,2018-04-12T17:06:16Z,2018-04-12T17:05:11Z,R-ecology-lesson
datacarpentry,AliBerens,337,FALSE,closed,2017-12-21T20:45:34Z,2018-04-12T19:59:38Z,2018-04-12T19:59:38Z,R-ecology-lesson
datacarpentry,kathy0305,330,FALSE,closed,2017-11-27T21:32:43Z,2018-04-12T21:27:24Z,2018-04-12T21:27:24Z,R-ecology-lesson
datacarpentry,kathy0305,329,FALSE,closed,2017-11-27T21:09:39Z,2018-04-12T21:25:07Z,2018-04-12T21:25:07Z,R-ecology-lesson
datacarpentry,shiva1387,321,FALSE,closed,2017-10-27T06:49:02Z,2018-04-12T22:17:26Z,2018-04-12T22:17:26Z,R-ecology-lesson
datacarpentry,tavareshugo,317,FALSE,closed,2017-10-19T14:00:32Z,2018-04-12T22:19:00Z,2018-04-12T22:19:00Z,R-ecology-lesson
datacarpentry,jebyrnes,271,FALSE,closed,2017-05-19T15:02:58Z,2018-04-12T22:22:07Z,2018-04-12T22:22:07Z,R-ecology-lesson
datacarpentry,fmichonneau,240,FALSE,open,2017-04-07T11:59:15Z,2018-04-09T17:35:16Z,NA,R-ecology-lesson
datacarpentry,fmichonneau,233,FALSE,closed,2017-04-07T02:00:08Z,2018-04-12T22:21:11Z,2018-04-12T22:21:11Z,R-ecology-lesson
datacarpentry,willpearse,194,FALSE,closed,2017-02-10T22:28:41Z,2018-04-12T22:30:00Z,2018-04-12T22:30:00Z,R-ecology-lesson
datacarpentry,fmichonneau,93,FALSE,open,2016-06-10T20:30:33Z,2018-04-09T17:35:16Z,NA,R-ecology-lesson
datacarpentry,fmichonneau,77,FALSE,closed,2016-03-25T18:25:46Z,2018-04-13T19:02:49Z,2018-04-13T19:02:49Z,R-ecology-lesson
datacarpentry,tracykteal,38,FALSE,open,2015-10-08T21:06:16Z,2018-04-09T17:35:15Z,NA,R-ecology-lesson
datacarpentry,fionajones,175,FALSE,open,2018-04-24T06:41:38Z,2018-04-24T06:41:38Z,NA,OpenRefine-ecology-lesson
datacarpentry,Librarianblues,174,FALSE,open,2018-04-17T05:32:27Z,2018-04-17T05:38:21Z,NA,OpenRefine-ecology-lesson
datacarpentry,mfernandes61,173,FALSE,open,2018-04-16T11:59:37Z,2018-04-23T06:48:51Z,NA,OpenRefine-ecology-lesson
datacarpentry,ErinBecker,172,TRUE,closed,2018-04-13T16:15:25Z,2018-04-13T20:30:35Z,2018-04-13T20:30:35Z,OpenRefine-ecology-lesson
datacarpentry,mfernandes61,171,FALSE,open,2018-04-12T09:34:22Z,2018-04-12T09:34:22Z,NA,OpenRefine-ecology-lesson
datacarpentry,JoshuaDull,170,TRUE,closed,2018-03-07T22:14:11Z,2018-04-13T16:08:50Z,2018-04-13T16:08:50Z,OpenRefine-ecology-lesson
datacarpentry,kariljordan,160,TRUE,closed,2017-11-03T20:09:51Z,2018-04-13T16:22:24Z,2018-04-13T16:22:17Z,OpenRefine-ecology-lesson
datacarpentry,kariljordan,159,TRUE,closed,2017-11-03T20:07:38Z,2018-04-13T16:21:58Z,2018-04-13T16:21:49Z,OpenRefine-ecology-lesson
datacarpentry,ErinBecker,157,FALSE,open,2017-10-25T16:05:57Z,2018-04-18T16:44:06Z,NA,OpenRefine-ecology-lesson
datacarpentry,ErinBecker,153,FALSE,open,2017-09-18T15:40:45Z,2018-04-18T16:44:06Z,NA,OpenRefine-ecology-lesson
datacarpentry,ccronje,150,TRUE,closed,2017-07-29T06:43:13Z,2018-04-13T16:20:00Z,2018-04-13T16:19:36Z,OpenRefine-ecology-lesson
datacarpentry,ccronje,149,TRUE,closed,2017-07-29T06:37:58Z,2018-04-13T16:20:38Z,2018-04-13T16:20:30Z,OpenRefine-ecology-lesson
datacarpentry,kariljordan,145,TRUE,closed,2017-06-20T23:56:53Z,2018-04-13T16:16:45Z,2018-04-13T16:16:39Z,OpenRefine-ecology-lesson
datacarpentry,ErinBecker,84,FALSE,open,2017-03-17T22:17:16Z,2018-04-18T16:48:31Z,NA,OpenRefine-ecology-lesson
datacarpentry,ErinBecker,80,FALSE,open,2017-03-17T21:54:00Z,2018-04-18T16:48:31Z,NA,OpenRefine-ecology-lesson
datacarpentry,ErinBecker,79,FALSE,open,2017-03-17T21:48:53Z,2018-04-18T16:48:31Z,NA,OpenRefine-ecology-lesson
datacarpentry,cmacdonell,76,FALSE,open,2017-03-17T21:26:19Z,2018-04-18T16:51:20Z,NA,OpenRefine-ecology-lesson
datacarpentry,cmacdonell,72,FALSE,open,2017-03-17T21:02:13Z,2018-04-18T16:51:20Z,NA,OpenRefine-ecology-lesson
datacarpentry,Repositorian,69,FALSE,open,2017-03-17T00:54:40Z,2018-04-18T16:51:20Z,NA,OpenRefine-ecology-lesson
datacarpentry,tracykteal,68,FALSE,open,2017-03-16T23:01:24Z,2018-04-18T16:48:31Z,NA,OpenRefine-ecology-lesson
datacarpentry,tracykteal,65,FALSE,open,2017-03-16T22:56:02Z,2018-04-18T16:51:20Z,NA,OpenRefine-ecology-lesson
datacarpentry,tracykteal,62,FALSE,open,2017-03-16T22:50:59Z,2018-04-18T16:51:20Z,NA,OpenRefine-ecology-lesson
datacarpentry,tracykteal,60,FALSE,open,2017-03-16T22:47:40Z,2018-04-18T16:51:20Z,NA,OpenRefine-ecology-lesson
datacarpentry,tracykteal,59,FALSE,open,2017-03-16T22:46:27Z,2018-04-18T16:51:20Z,NA,OpenRefine-ecology-lesson
datacarpentry,tracykteal,53,FALSE,open,2017-03-16T22:17:43Z,2018-04-18T16:49:29Z,NA,OpenRefine-ecology-lesson
datacarpentry,tracykteal,46,FALSE,open,2017-02-28T20:54:10Z,2018-04-18T16:48:31Z,NA,OpenRefine-ecology-lesson
datacarpentry,tpoisot,43,FALSE,open,2017-01-18T20:05:57Z,2018-04-18T16:51:20Z,NA,OpenRefine-ecology-lesson
datacarpentry,Repositorian,37,FALSE,open,2016-12-13T20:00:50Z,2018-04-18T16:48:30Z,NA,OpenRefine-ecology-lesson
datacarpentry,mikewallis,29,FALSE,open,2016-12-02T13:20:36Z,2018-04-18T16:50:13Z,NA,OpenRefine-ecology-lesson
datacarpentry,fmichonneau,10,FALSE,open,2016-03-12T16:37:35Z,2018-04-18T16:48:30Z,NA,OpenRefine-ecology-lesson
datacarpentry,tracykteal,4,FALSE,open,2015-08-20T21:25:51Z,2018-04-18T16:48:30Z,NA,OpenRefine-ecology-lesson
datacarpentry,standage,44,TRUE,open,2018-04-16T20:19:31Z,2018-04-17T18:02:43Z,NA,genomics-workshop
datacarpentry,standage,43,FALSE,open,2018-04-16T20:17:30Z,2018-04-16T20:17:30Z,NA,genomics-workshop
datacarpentry,standage,42,FALSE,open,2018-04-16T20:16:43Z,2018-04-16T20:16:43Z,NA,genomics-workshop
datacarpentry,bluegenes,41,FALSE,open,2018-04-13T22:17:09Z,2018-04-13T22:59:10Z,NA,genomics-workshop
datacarpentry,aschuerch,28,FALSE,open,2017-10-10T19:25:16Z,2018-04-13T22:34:30Z,NA,genomics-workshop
datacarpentry,lachlandeer,158,TRUE,open,2018-04-22T13:59:07Z,2018-04-22T13:59:07Z,NA,r-raster-vector-geospatial
datacarpentry,lachlandeer,157,TRUE,open,2018-04-22T12:42:06Z,2018-04-22T12:42:06Z,NA,r-raster-vector-geospatial
datacarpentry,lachlandeer,156,TRUE,open,2018-04-22T11:43:04Z,2018-04-22T11:43:04Z,NA,r-raster-vector-geospatial
datacarpentry,lachlandeer,155,FALSE,open,2018-04-21T17:21:10Z,2018-04-24T10:17:52Z,NA,r-raster-vector-geospatial
datacarpentry,jsta,154,TRUE,closed,2018-04-21T15:04:57Z,2018-04-23T15:34:52Z,2018-04-23T12:38:38Z,r-raster-vector-geospatial
datacarpentry,jsta,153,TRUE,closed,2018-04-15T14:00:10Z,2018-04-21T13:23:48Z,2018-04-21T13:23:48Z,r-raster-vector-geospatial
datacarpentry,justinmillar,152,TRUE,open,2018-04-13T21:08:06Z,2018-04-15T13:56:04Z,NA,r-raster-vector-geospatial
datacarpentry,MarconiS,151,TRUE,closed,2018-04-13T19:36:11Z,2018-04-13T20:43:47Z,2018-04-13T20:43:47Z,r-raster-vector-geospatial
datacarpentry,MarconiS,150,TRUE,closed,2018-04-13T19:25:00Z,2018-04-15T13:15:23Z,2018-04-15T13:15:23Z,r-raster-vector-geospatial
datacarpentry,MarconiS,149,TRUE,closed,2018-04-13T18:47:42Z,2018-04-13T19:20:48Z,2018-04-13T19:14:18Z,r-raster-vector-geospatial
datacarpentry,pmarchand1,148,TRUE,closed,2018-04-13T17:19:50Z,2018-04-23T14:15:34Z,2018-04-23T14:15:34Z,r-raster-vector-geospatial
datacarpentry,lachlandeer,147,TRUE,open,2018-04-12T22:41:36Z,2018-04-13T18:06:37Z,NA,r-raster-vector-geospatial
datacarpentry,lachlandeer,146,FALSE,open,2018-04-12T21:00:50Z,2018-04-15T14:02:30Z,NA,r-raster-vector-geospatial
datacarpentry,MicheleTobias,145,FALSE,open,2018-04-12T17:43:07Z,2018-04-13T22:24:43Z,NA,r-raster-vector-geospatial
datacarpentry,fmichonneau,144,FALSE,open,2018-04-12T17:15:11Z,2018-04-15T13:57:44Z,NA,r-raster-vector-geospatial
datacarpentry,fmichonneau,143,FALSE,closed,2018-04-12T17:14:22Z,2018-04-21T13:23:49Z,2018-04-21T13:23:49Z,r-raster-vector-geospatial
datacarpentry,ErinBecker,142,FALSE,open,2018-04-12T15:43:50Z,2018-04-12T15:46:31Z,NA,r-raster-vector-geospatial
datacarpentry,lachlandeer,141,TRUE,closed,2018-04-10T19:40:39Z,2018-04-12T16:54:17Z,2018-04-12T16:54:10Z,r-raster-vector-geospatial
datacarpentry,lachlandeer,140,TRUE,closed,2018-04-10T17:41:33Z,2018-04-11T13:40:51Z,2018-04-11T13:40:50Z,r-raster-vector-geospatial
datacarpentry,lachlandeer,139,TRUE,closed,2018-04-10T17:28:42Z,2018-04-11T21:08:57Z,2018-04-11T13:31:55Z,r-raster-vector-geospatial
datacarpentry,lachlandeer,138,FALSE,open,2018-04-10T17:13:24Z,2018-04-11T00:18:24Z,NA,r-raster-vector-geospatial
datacarpentry,lachlandeer,137,FALSE,open,2018-04-10T16:48:54Z,2018-04-12T19:37:46Z,NA,r-raster-vector-geospatial
datacarpentry,lachlandeer,136,FALSE,open,2018-04-06T13:47:01Z,2018-04-16T14:51:39Z,NA,r-raster-vector-geospatial
datacarpentry,ErinBecker,135,FALSE,open,2018-04-05T18:46:32Z,2018-04-24T12:32:42Z,NA,r-raster-vector-geospatial
datacarpentry,ErinBecker,134,FALSE,open,2018-04-05T16:09:04Z,2018-04-05T18:42:00Z,NA,r-raster-vector-geospatial
datacarpentry,ErinBecker,133,FALSE,open,2018-04-05T16:08:26Z,2018-04-22T12:43:05Z,NA,r-raster-vector-geospatial
datacarpentry,PunamA,132,TRUE,closed,2018-03-30T23:48:17Z,2018-04-13T19:13:49Z,2018-04-13T19:13:48Z,r-raster-vector-geospatial
datacarpentry,lwasser,130,FALSE,open,2018-03-23T15:50:10Z,2018-04-13T19:17:25Z,NA,r-raster-vector-geospatial
datacarpentry,aticup,126,FALSE,open,2018-03-20T23:43:35Z,2018-04-06T21:35:06Z,NA,r-raster-vector-geospatial
datacarpentry,jsta,124,FALSE,closed,2018-03-06T22:19:35Z,2018-04-23T12:38:39Z,2018-04-23T12:38:39Z,r-raster-vector-geospatial
datacarpentry,jsta,122,FALSE,closed,2018-02-23T13:59:08Z,2018-04-21T15:02:14Z,2018-04-21T15:02:14Z,r-raster-vector-geospatial
datacarpentry,elinw,44,FALSE,closed,2018-04-24T16:38:54Z,2018-04-24T19:12:51Z,2018-04-24T19:12:51Z,r-socialsci
datacarpentry,elinw,43,TRUE,closed,2018-04-24T16:33:03Z,2018-04-24T16:57:13Z,2018-04-24T16:57:03Z,r-socialsci
datacarpentry,DanielleQuinn,42,TRUE,closed,2018-04-18T22:35:36Z,2018-04-19T14:22:56Z,2018-04-19T14:22:55Z,r-socialsci
datacarpentry,DanielleQuinn,41,TRUE,closed,2018-04-18T16:53:50Z,2018-04-18T16:54:05Z,2018-04-18T16:54:05Z,r-socialsci
datacarpentry,DanielleQuinn,40,TRUE,closed,2018-04-17T00:21:37Z,2018-04-17T13:50:35Z,2018-04-17T13:50:35Z,r-socialsci
datacarpentry,DanielleQuinn,39,TRUE,closed,2018-04-14T19:49:06Z,2018-04-18T19:53:12Z,2018-04-18T19:52:25Z,r-socialsci
datacarpentry,Epsian,38,FALSE,open,2018-04-13T23:13:44Z,2018-04-13T23:13:44Z,NA,r-socialsci
datacarpentry,Epsian,37,FALSE,open,2018-04-13T23:00:32Z,2018-04-13T23:00:32Z,NA,r-socialsci
datacarpentry,Epsian,36,FALSE,closed,2018-04-13T22:49:31Z,2018-04-19T14:22:13Z,2018-04-19T14:22:13Z,r-socialsci
datacarpentry,Epsian,35,FALSE,closed,2018-04-13T22:47:47Z,2018-04-13T23:04:48Z,2018-04-13T23:04:48Z,r-socialsci
datacarpentry,fmichonneau,34,TRUE,closed,2018-04-13T22:26:19Z,2018-04-13T22:26:33Z,2018-04-13T22:26:25Z,r-socialsci
datacarpentry,ha0ye,33,FALSE,closed,2018-04-13T22:26:12Z,2018-04-20T13:56:01Z,2018-04-20T13:56:01Z,r-socialsci
datacarpentry,fmichonneau,32,TRUE,closed,2018-04-13T22:23:08Z,2018-04-13T22:23:47Z,2018-04-13T22:23:21Z,r-socialsci
datacarpentry,Epsian,31,FALSE,closed,2018-04-13T22:07:15Z,2018-04-13T22:10:06Z,2018-04-13T22:10:06Z,r-socialsci
datacarpentry,Epsian,30,TRUE,closed,2018-04-13T21:56:53Z,2018-04-13T22:05:09Z,2018-04-13T22:05:09Z,r-socialsci
datacarpentry,Epsian,29,FALSE,closed,2018-04-13T21:51:14Z,2018-04-13T22:07:49Z,2018-04-13T22:07:49Z,r-socialsci
datacarpentry,ljcohen,28,FALSE,closed,2018-04-13T21:43:42Z,2018-04-13T22:07:18Z,2018-04-13T22:07:18Z,r-socialsci
datacarpentry,ha0ye,27,TRUE,closed,2018-04-13T21:17:13Z,2018-04-13T22:02:28Z,2018-04-13T22:02:28Z,r-socialsci
datacarpentry,fmichonneau,26,FALSE,closed,2018-04-13T20:29:30Z,2018-04-13T22:26:48Z,2018-04-13T22:26:48Z,r-socialsci
datacarpentry,fmichonneau,25,FALSE,closed,2018-04-13T20:21:59Z,2018-04-13T22:27:01Z,2018-04-13T22:27:01Z,r-socialsci
datacarpentry,fmichonneau,24,FALSE,closed,2018-04-13T20:21:13Z,2018-04-13T22:27:01Z,2018-04-13T22:27:01Z,r-socialsci
datacarpentry,fmichonneau,23,FALSE,closed,2018-04-13T20:20:25Z,2018-04-13T22:27:01Z,2018-04-13T22:27:01Z,r-socialsci
datacarpentry,gtlaflair,22,TRUE,closed,2018-04-13T20:18:49Z,2018-04-13T21:23:32Z,2018-04-13T21:13:53Z,r-socialsci
datacarpentry,fmichonneau,21,TRUE,closed,2018-04-13T20:04:44Z,2018-04-13T20:04:59Z,2018-04-13T20:04:54Z,r-socialsci
datacarpentry,fmichonneau,20,TRUE,closed,2018-04-13T19:32:07Z,2018-04-13T19:32:15Z,2018-04-13T19:32:15Z,r-socialsci
datacarpentry,ha0ye,19,FALSE,open,2018-04-13T19:19:44Z,2018-04-13T19:19:44Z,NA,r-socialsci
datacarpentry,ha0ye,18,FALSE,open,2018-04-13T19:06:34Z,2018-04-13T19:21:43Z,NA,r-socialsci
datacarpentry,fmichonneau,17,FALSE,closed,2018-04-13T19:04:44Z,2018-04-13T19:59:25Z,2018-04-13T19:59:24Z,r-socialsci
datacarpentry,nsbowden,16,TRUE,closed,2018-04-12T23:57:40Z,2018-04-13T13:23:26Z,2018-04-13T13:23:26Z,r-socialsci
datacarpentry,murraycadzow,15,TRUE,closed,2018-04-12T23:54:58Z,2018-04-13T12:50:47Z,2018-04-13T12:50:41Z,r-socialsci
datacarpentry,gtlaflair,14,TRUE,closed,2018-04-12T23:17:39Z,2018-04-13T00:55:12Z,2018-04-12T23:42:53Z,r-socialsci
datacarpentry,ErinBecker,13,FALSE,closed,2018-04-12T21:50:55Z,2018-04-12T21:54:57Z,2018-04-12T21:54:57Z,r-socialsci
datacarpentry,nsbowden,12,FALSE,open,2018-04-12T21:48:49Z,2018-04-13T13:27:21Z,NA,r-socialsci
datacarpentry,ErinBecker,11,FALSE,closed,2018-04-12T21:46:19Z,2018-04-20T16:19:17Z,2018-04-20T13:28:38Z,r-socialsci
datacarpentry,ErinBecker,10,FALSE,open,2018-04-12T21:43:19Z,2018-04-13T21:07:21Z,NA,r-socialsci
datacarpentry,nsbowden,9,FALSE,open,2018-04-12T20:10:41Z,2018-04-13T18:58:13Z,NA,r-socialsci
datacarpentry,nsbowden,8,TRUE,closed,2018-04-12T19:51:34Z,2018-04-12T21:11:21Z,2018-04-12T21:11:04Z,r-socialsci
datacarpentry,nsbowden,7,FALSE,closed,2018-04-12T19:47:43Z,2018-04-12T21:11:04Z,2018-04-12T21:11:04Z,r-socialsci
datacarpentry,ErinBecker,6,FALSE,closed,2018-04-12T19:12:58Z,2018-04-13T22:27:13Z,2018-04-13T22:27:13Z,r-socialsci
datacarpentry,ErinBecker,5,FALSE,open,2018-04-12T19:06:07Z,2018-04-13T19:28:53Z,NA,r-socialsci
datacarpentry,DanielleQuinn,4,FALSE,open,2018-04-12T18:50:19Z,2018-04-12T18:50:19Z,NA,r-socialsci
datacarpentry,DanielleQuinn,3,TRUE,closed,2018-04-12T18:41:55Z,2018-04-12T19:14:27Z,2018-04-12T19:14:27Z,r-socialsci
datacarpentry,ErinBecker,2,FALSE,open,2018-04-12T15:42:24Z,2018-04-12T17:37:18Z,NA,r-socialsci
datacarpentry,maczokni,1,FALSE,closed,2018-03-22T10:47:36Z,2018-04-04T13:41:47Z,2018-04-04T13:41:47Z,r-socialsci
datacarpentry,sechilds,53,TRUE,closed,2018-04-23T19:52:37Z,2018-04-23T19:53:09Z,2018-04-23T19:53:01Z,python-socialsci
datacarpentry,sechilds,52,TRUE,closed,2018-04-23T19:43:35Z,2018-04-23T19:53:39Z,2018-04-23T19:53:39Z,python-socialsci
datacarpentry,sechilds,51,TRUE,closed,2018-04-23T19:39:31Z,2018-04-23T19:54:03Z,2018-04-23T19:53:54Z,python-socialsci
datacarpentry,sechilds,50,TRUE,closed,2018-04-23T19:31:24Z,2018-04-23T19:52:46Z,2018-04-23T19:52:40Z,python-socialsci
datacarpentry,sechilds,49,TRUE,closed,2018-04-23T19:02:23Z,2018-04-23T19:15:44Z,2018-04-23T19:15:35Z,python-socialsci
datacarpentry,sechilds,48,FALSE,closed,2018-04-23T18:34:19Z,2018-04-23T19:59:34Z,2018-04-23T19:59:34Z,python-socialsci
datacarpentry,sechilds,47,FALSE,closed,2018-04-23T18:29:21Z,2018-04-23T19:59:21Z,2018-04-23T19:59:21Z,python-socialsci
datacarpentry,sechilds,46,FALSE,closed,2018-04-23T17:29:51Z,2018-04-23T19:59:06Z,2018-04-23T19:59:06Z,python-socialsci
datacarpentry,sechilds,45,FALSE,closed,2018-04-23T17:24:36Z,2018-04-23T19:58:47Z,2018-04-23T19:58:47Z,python-socialsci
datacarpentry,sechilds,44,FALSE,closed,2018-04-23T17:19:30Z,2018-04-23T19:25:56Z,2018-04-23T19:25:56Z,python-socialsci
datacarpentry,sechilds,43,FALSE,open,2018-04-23T17:06:44Z,2018-04-23T18:52:42Z,NA,python-socialsci
datacarpentry,sechilds,42,TRUE,closed,2018-04-20T11:12:46Z,2018-04-23T18:00:35Z,2018-04-23T18:00:29Z,python-socialsci
datacarpentry,sechilds,41,FALSE,open,2018-04-19T10:48:24Z,2018-04-19T10:48:24Z,NA,python-socialsci
datacarpentry,sechilds,40,TRUE,closed,2018-04-18T22:40:46Z,2018-04-18T22:43:33Z,2018-04-18T22:43:25Z,python-socialsci
datacarpentry,sechilds,39,TRUE,closed,2018-04-18T22:33:22Z,2018-04-18T22:44:05Z,2018-04-18T22:44:00Z,python-socialsci
datacarpentry,sechilds,38,FALSE,open,2018-04-18T11:49:19Z,2018-04-18T11:49:19Z,NA,python-socialsci
datacarpentry,sechilds,37,TRUE,closed,2018-04-16T20:20:51Z,2018-04-16T21:18:06Z,2018-04-16T21:17:58Z,python-socialsci
datacarpentry,sechilds,36,FALSE,closed,2018-04-16T19:27:41Z,2018-04-23T18:49:54Z,2018-04-23T18:49:54Z,python-socialsci
datacarpentry,yeemey,35,TRUE,closed,2018-04-13T21:10:24Z,2018-04-16T22:17:42Z,2018-04-16T19:17:28Z,python-socialsci
datacarpentry,gboushey,34,TRUE,closed,2018-04-13T21:02:20Z,2018-04-16T19:11:45Z,2018-04-16T19:11:45Z,python-socialsci
datacarpentry,gboushey,33,FALSE,open,2018-04-13T20:57:05Z,2018-04-16T13:22:34Z,NA,python-socialsci
datacarpentry,gboushey,32,TRUE,closed,2018-04-13T18:13:06Z,2018-04-13T18:14:28Z,2018-04-13T18:14:22Z,python-socialsci
datacarpentry,tyoungg,31,TRUE,closed,2018-04-13T17:26:44Z,2018-04-16T16:52:54Z,2018-04-16T16:52:54Z,python-socialsci
datacarpentry,joelostblom,30,TRUE,closed,2018-04-13T16:49:50Z,2018-04-13T17:08:42Z,2018-04-13T17:08:42Z,python-socialsci
datacarpentry,joelostblom,29,TRUE,closed,2018-04-13T15:51:20Z,2018-04-13T16:06:28Z,2018-04-13T16:06:28Z,python-socialsci
datacarpentry,joelostblom,28,TRUE,closed,2018-04-13T15:03:55Z,2018-04-13T15:47:03Z,2018-04-13T15:46:54Z,python-socialsci
datacarpentry,sechilds,27,TRUE,closed,2018-04-13T14:51:48Z,2018-04-13T18:15:37Z,2018-04-13T15:48:01Z,python-socialsci
datacarpentry,yeemey,26,TRUE,closed,2018-04-13T05:02:36Z,2018-04-13T20:02:44Z,2018-04-13T16:04:03Z,python-socialsci
datacarpentry,yeemey,25,TRUE,closed,2018-04-13T03:23:38Z,2018-04-13T15:54:40Z,2018-04-13T15:54:40Z,python-socialsci
datacarpentry,brownsarahm,24,TRUE,closed,2018-04-13T00:36:19Z,2018-04-13T14:38:58Z,2018-04-13T14:38:58Z,python-socialsci
datacarpentry,beroe,23,TRUE,closed,2018-04-13T00:19:49Z,2018-04-13T00:24:57Z,2018-04-13T00:24:45Z,python-socialsci
datacarpentry,brownsarahm,22,TRUE,closed,2018-04-13T00:07:26Z,2018-04-13T00:19:29Z,2018-04-13T00:19:21Z,python-socialsci
datacarpentry,brownsarahm,21,TRUE,closed,2018-04-12T23:41:16Z,2018-04-13T17:15:48Z,2018-04-13T17:15:48Z,python-socialsci
datacarpentry,brownsarahm,20,FALSE,closed,2018-04-12T23:21:01Z,2018-04-13T14:38:59Z,2018-04-13T14:38:59Z,python-socialsci
datacarpentry,brownsarahm,19,FALSE,closed,2018-04-12T23:04:20Z,2018-04-13T00:19:22Z,2018-04-13T00:19:22Z,python-socialsci
datacarpentry,tg340,18,TRUE,closed,2018-04-12T21:29:39Z,2018-04-12T22:22:16Z,2018-04-12T22:22:16Z,python-socialsci
datacarpentry,brownsarahm,17,TRUE,closed,2018-04-12T21:21:04Z,2018-04-12T22:20:43Z,2018-04-12T22:20:33Z,python-socialsci
datacarpentry,tg340,16,TRUE,closed,2018-04-12T21:19:36Z,2018-04-12T22:16:29Z,2018-04-12T22:16:22Z,python-socialsci
datacarpentry,gboushey,15,TRUE,closed,2018-04-12T21:18:20Z,2018-04-13T17:23:07Z,2018-04-13T17:07:53Z,python-socialsci
datacarpentry,tg340,14,TRUE,closed,2018-04-12T21:06:55Z,2018-04-13T14:14:13Z,2018-04-13T14:14:13Z,python-socialsci
datacarpentry,ErinBecker,13,FALSE,open,2018-04-12T17:31:05Z,2018-04-12T19:48:27Z,NA,python-socialsci
datacarpentry,ErinBecker,12,FALSE,closed,2018-04-12T17:27:36Z,2018-04-16T22:05:23Z,2018-04-16T22:05:23Z,python-socialsci
datacarpentry,ErinBecker,11,FALSE,open,2018-04-12T17:25:49Z,2018-04-13T20:08:20Z,NA,python-socialsci
datacarpentry,ErinBecker,10,FALSE,closed,2018-04-12T17:12:38Z,2018-04-12T22:20:34Z,2018-04-12T22:20:34Z,python-socialsci
datacarpentry,ErinBecker,9,FALSE,open,2018-04-12T16:13:54Z,2018-04-23T17:36:34Z,NA,python-socialsci
datacarpentry,ErinBecker,8,FALSE,closed,2018-04-12T16:12:31Z,2018-04-13T17:15:48Z,2018-04-13T17:15:48Z,python-socialsci
datacarpentry,ErinBecker,7,FALSE,closed,2018-04-12T16:08:31Z,2018-04-16T19:18:28Z,2018-04-16T19:18:28Z,python-socialsci
datacarpentry,ErinBecker,6,FALSE,closed,2018-04-12T16:06:03Z,2018-04-14T11:08:50Z,2018-04-14T11:08:49Z,python-socialsci
datacarpentry,ErinBecker,5,FALSE,closed,2018-04-12T16:03:33Z,2018-04-13T15:54:57Z,2018-04-13T15:54:56Z,python-socialsci
datacarpentry,ErinBecker,4,FALSE,closed,2018-04-12T15:59:03Z,2018-04-13T15:46:54Z,2018-04-13T15:46:54Z,python-socialsci
datacarpentry,ErinBecker,3,FALSE,open,2018-04-12T15:42:46Z,2018-04-12T15:42:46Z,NA,python-socialsci
datacarpentry,ErinBecker,36,TRUE,open,2018-04-23T20:00:35Z,2018-04-23T20:00:35Z,NA,spreadsheets-socialsci
datacarpentry,sechilds,35,FALSE,open,2018-04-23T19:25:11Z,2018-04-23T19:25:11Z,NA,spreadsheets-socialsci
datacarpentry,ErinBecker,34,TRUE,closed,2018-04-23T18:54:33Z,2018-04-23T19:25:31Z,2018-04-23T19:25:15Z,spreadsheets-socialsci
datacarpentry,ErinBecker,33,FALSE,open,2018-04-23T18:34:53Z,2018-04-23T18:34:53Z,NA,spreadsheets-socialsci
datacarpentry,ErinBecker,32,FALSE,open,2018-04-23T18:32:23Z,2018-04-23T18:32:36Z,NA,spreadsheets-socialsci
datacarpentry,ErinBecker,31,FALSE,open,2018-04-23T18:24:14Z,2018-04-23T18:24:57Z,NA,spreadsheets-socialsci
datacarpentry,ErinBecker,30,FALSE,open,2018-04-23T18:21:11Z,2018-04-23T18:21:17Z,NA,spreadsheets-socialsci
datacarpentry,ErinBecker,29,FALSE,open,2018-04-23T17:58:56Z,2018-04-23T18:33:19Z,NA,spreadsheets-socialsci
datacarpentry,ErinBecker,28,TRUE,closed,2018-04-23T17:56:07Z,2018-04-23T18:11:52Z,2018-04-23T18:10:53Z,spreadsheets-socialsci
datacarpentry,ErinBecker,27,TRUE,closed,2018-04-23T17:52:47Z,2018-04-23T18:11:51Z,2018-04-23T18:11:18Z,spreadsheets-socialsci
datacarpentry,ErinBecker,26,TRUE,closed,2018-04-23T17:42:01Z,2018-04-23T18:11:42Z,2018-04-23T18:11:35Z,spreadsheets-socialsci
datacarpentry,lachlandeer,25,TRUE,closed,2018-04-22T16:28:29Z,2018-04-23T17:33:36Z,2018-04-23T17:33:28Z,spreadsheets-socialsci
datacarpentry,lachlandeer,24,TRUE,closed,2018-04-22T14:50:39Z,2018-04-23T17:23:30Z,2018-04-23T17:23:22Z,spreadsheets-socialsci
datacarpentry,ErinBecker,23,FALSE,open,2018-04-12T22:05:49Z,2018-04-13T00:13:25Z,NA,spreadsheets-socialsci
datacarpentry,ErinBecker,22,FALSE,open,2018-04-12T22:02:41Z,2018-04-13T00:14:28Z,NA,spreadsheets-socialsci
datacarpentry,ErinBecker,21,FALSE,open,2018-04-12T21:56:21Z,2018-04-13T00:15:10Z,NA,spreadsheets-socialsci
datacarpentry,ErinBecker,20,FALSE,open,2018-04-12T21:54:35Z,2018-04-13T00:15:51Z,NA,spreadsheets-socialsci
datacarpentry,ErinBecker,19,FALSE,closed,2018-04-12T21:22:22Z,2018-04-23T18:11:18Z,2018-04-23T18:11:18Z,spreadsheets-socialsci
datacarpentry,ErinBecker,18,FALSE,closed,2018-04-12T21:20:23Z,2018-04-23T17:47:43Z,2018-04-23T17:47:33Z,spreadsheets-socialsci
datacarpentry,ErinBecker,17,FALSE,closed,2018-04-12T21:19:14Z,2018-04-23T17:46:27Z,2018-04-23T17:46:22Z,spreadsheets-socialsci
datacarpentry,ErinBecker,16,FALSE,closed,2018-04-12T21:17:59Z,2018-04-23T17:50:29Z,2018-04-23T17:50:29Z,spreadsheets-socialsci
datacarpentry,ErinBecker,15,FALSE,closed,2018-04-12T20:58:01Z,2018-04-23T18:11:35Z,2018-04-23T18:11:35Z,spreadsheets-socialsci
datacarpentry,ErinBecker,14,FALSE,open,2018-04-12T15:41:05Z,2018-04-12T15:41:05Z,NA,spreadsheets-socialsci
datacarpentry,PeterSmyth12,12,TRUE,closed,2017-12-13T22:34:15Z,2018-04-23T19:28:21Z,2018-04-23T19:28:21Z,spreadsheets-socialsci
datacarpentry,karenword,7,FALSE,open,2017-12-09T01:14:29Z,2018-04-13T00:19:42Z,NA,spreadsheets-socialsci
datacarpentry,karenword,6,FALSE,closed,2017-12-09T00:54:11Z,2018-04-13T17:02:04Z,2018-04-13T17:02:04Z,spreadsheets-socialsci
datacarpentry,karenword,5,FALSE,closed,2017-12-08T23:50:58Z,2018-04-23T17:34:39Z,2018-04-23T17:34:01Z,spreadsheets-socialsci
datacarpentry,lachlandeer,10,TRUE,open,2018-04-22T16:45:13Z,2018-04-22T16:45:13Z,NA,openrefine-socialsci
datacarpentry,gtlaflair,9,TRUE,closed,2018-04-14T00:37:38Z,2018-04-15T23:15:05Z,2018-04-15T23:15:05Z,openrefine-socialsci
datacarpentry,gtlaflair,8,TRUE,closed,2018-04-14T00:37:21Z,2018-04-15T23:15:03Z,2018-04-15T23:15:03Z,openrefine-socialsci
datacarpentry,gtlaflair,7,TRUE,closed,2018-04-14T00:03:15Z,2018-04-15T23:16:47Z,2018-04-15T23:16:47Z,openrefine-socialsci
datacarpentry,gtlaflair,6,TRUE,closed,2018-04-14T00:01:59Z,2018-04-15T23:15:04Z,2018-04-15T23:15:04Z,openrefine-socialsci
datacarpentry,gtlaflair,5,TRUE,closed,2018-04-14T00:01:30Z,2018-04-15T23:15:04Z,2018-04-15T23:15:04Z,openrefine-socialsci
datacarpentry,ErinBecker,4,FALSE,open,2018-04-13T17:24:56Z,2018-04-16T13:30:22Z,NA,openrefine-socialsci
datacarpentry,ErinBecker,3,FALSE,open,2018-04-13T17:23:08Z,2018-04-18T22:29:19Z,NA,openrefine-socialsci
datacarpentry,ErinBecker,2,FALSE,open,2018-04-12T15:41:35Z,2018-04-12T15:41:35Z,NA,openrefine-socialsci
datacarpentry,PeterSmyth12,9,FALSE,closed,2018-04-15T08:12:13Z,2018-04-15T22:10:01Z,2018-04-15T22:10:01Z,sql-socialsci
datacarpentry,PeterSmyth12,8,FALSE,closed,2018-04-14T12:35:13Z,2018-04-15T22:11:01Z,2018-04-15T22:11:01Z,sql-socialsci
datacarpentry,PeterSmyth12,7,FALSE,closed,2018-04-14T12:11:55Z,2018-04-15T14:02:57Z,2018-04-15T14:02:57Z,sql-socialsci
datacarpentry,PeterSmyth12,6,FALSE,closed,2018-04-14T11:51:33Z,2018-04-15T13:31:51Z,2018-04-15T13:31:51Z,sql-socialsci
datacarpentry,PeterSmyth12,5,FALSE,closed,2018-04-13T22:09:21Z,2018-04-15T10:24:12Z,2018-04-15T10:24:12Z,sql-socialsci
datacarpentry,ErinBecker,4,FALSE,open,2018-04-12T15:41:57Z,2018-04-12T15:41:57Z,NA,sql-socialsci
datacarpentry,mawds,3,TRUE,closed,2017-12-20T11:33:09Z,2018-04-04T15:16:00Z,2018-04-04T15:16:00Z,sql-socialsci
datacarpentry,ErinBecker,6,FALSE,open,2018-04-12T15:39:51Z,2018-04-12T15:40:40Z,NA,socialsci-workshop
datacarpentry,ErinBecker,5,TRUE,closed,2018-04-03T19:52:23Z,2018-04-03T19:52:34Z,2018-04-03T19:52:29Z,socialsci-workshop
datacarpentry,ErinBecker,3,FALSE,open,2017-12-07T19:14:59Z,2018-04-13T16:53:14Z,NA,socialsci-workshop
datacarpentry,thomcuddihy,60,TRUE,closed,2018-04-09T23:59:52Z,2018-04-13T16:47:09Z,2018-04-13T16:47:09Z,cloud-genomics
datacarpentry,thomcuddihy,59,TRUE,closed,2018-04-09T23:39:08Z,2018-04-09T23:41:05Z,2018-04-09T23:40:54Z,cloud-genomics
datacarpentry,thomcuddihy,58,TRUE,closed,2018-04-09T03:19:24Z,2018-04-13T16:46:04Z,2018-04-13T16:46:04Z,cloud-genomics
datacarpentry,maneesha,57,FALSE,open,2018-04-04T18:30:32Z,2018-04-04T19:22:50Z,NA,cloud-genomics
datacarpentry,maneesha,55,TRUE,closed,2017-12-14T15:14:21Z,2018-04-13T18:07:31Z,2018-04-13T18:07:30Z,cloud-genomics
datacarpentry,aschuerch,54,FALSE,closed,2017-12-12T13:33:51Z,2018-04-13T16:46:05Z,2018-04-13T16:46:05Z,cloud-genomics
datacarpentry,vuw-ecs-kevin,3,FALSE,open,2017-07-27T03:16:40Z,2018-04-10T01:06:30Z,NA,cloud-genomics
datacarpentry,ErinBecker,7,FALSE,open,2018-04-12T15:45:30Z,2018-04-12T15:45:30Z,NA,geospatial-workshop
datacarpentry,ErinBecker,6,FALSE,open,2018-04-05T16:04:06Z,2018-04-05T16:04:06Z,NA,geospatial-workshop
datacarpentry,kokbent,19,TRUE,closed,2018-04-13T20:49:18Z,2018-04-16T21:14:49Z,2018-04-16T21:14:43Z,r-intro-geospatial
datacarpentry,kokbent,18,FALSE,open,2018-04-13T20:22:22Z,2018-04-19T13:26:59Z,NA,r-intro-geospatial
datacarpentry,annefou,17,TRUE,closed,2018-04-13T18:03:17Z,2018-04-16T21:14:05Z,2018-04-16T21:13:59Z,r-intro-geospatial
datacarpentry,annefou,16,TRUE,closed,2018-04-13T15:15:12Z,2018-04-13T17:37:33Z,2018-04-13T17:37:33Z,r-intro-geospatial
datacarpentry,annefou,15,TRUE,closed,2018-04-12T22:03:02Z,2018-04-12T22:55:50Z,2018-04-12T22:18:49Z,r-intro-geospatial
datacarpentry,lachlandeer,14,FALSE,closed,2018-04-12T18:06:03Z,2018-04-12T22:21:15Z,2018-04-12T22:21:15Z,r-intro-geospatial
datacarpentry,annefou,13,TRUE,closed,2018-04-12T16:33:50Z,2018-04-12T22:19:38Z,2018-04-12T22:19:38Z,r-intro-geospatial
datacarpentry,ErinBecker,12,FALSE,open,2018-04-12T15:43:35Z,2018-04-12T15:45:00Z,NA,r-intro-geospatial
datacarpentry,lachlandeer,11,FALSE,closed,2018-04-12T14:14:42Z,2018-04-12T22:21:27Z,2018-04-12T22:21:27Z,r-intro-geospatial
datacarpentry,lachlandeer,10,FALSE,open,2018-04-12T14:09:28Z,2018-04-13T17:38:07Z,NA,r-intro-geospatial
datacarpentry,lachlandeer,9,FALSE,open,2018-04-12T14:04:10Z,2018-04-13T08:36:03Z,NA,r-intro-geospatial
datacarpentry,lachlandeer,8,TRUE,closed,2018-04-10T15:30:39Z,2018-04-10T15:37:07Z,2018-04-10T15:37:07Z,r-intro-geospatial
datacarpentry,lachlandeer,7,TRUE,closed,2018-04-10T14:19:41Z,2018-04-10T14:51:06Z,2018-04-10T14:51:06Z,r-intro-geospatial
datacarpentry,fmichonneau,6,FALSE,open,2018-04-10T14:09:50Z,2018-04-10T15:17:51Z,NA,r-intro-geospatial
datacarpentry,lachlandeer,5,TRUE,closed,2018-04-10T13:54:38Z,2018-04-10T14:03:30Z,2018-04-10T14:03:30Z,r-intro-geospatial
datacarpentry,lachlandeer,4,FALSE,closed,2018-04-06T14:49:47Z,2018-04-06T21:21:33Z,2018-04-06T21:21:22Z,r-intro-geospatial
datacarpentry,ErinBecker,3,FALSE,closed,2018-04-05T15:37:57Z,2018-04-12T14:16:52Z,2018-04-12T14:16:52Z,r-intro-geospatial
datacarpentry,ErinBecker,2,FALSE,open,2018-04-05T15:36:36Z,2018-04-06T15:25:32Z,NA,r-intro-geospatial
datacarpentry,ErinBecker,1,FALSE,closed,2018-04-05T15:35:08Z,2018-04-12T14:17:10Z,2018-04-12T14:17:10Z,r-intro-geospatial
datacarpentry,obrl-soil,20,TRUE,closed,2018-04-14T03:02:12Z,2018-04-16T21:16:38Z,2018-04-16T21:16:08Z,organization-geospatial
datacarpentry,dpaudel,19,TRUE,closed,2018-04-13T20:09:59Z,2018-04-13T20:14:54Z,2018-04-13T20:14:54Z,organization-geospatial
datacarpentry,dpaudel,18,TRUE,closed,2018-04-13T20:06:08Z,2018-04-13T20:15:16Z,2018-04-13T20:15:16Z,organization-geospatial
datacarpentry,bidhya,17,TRUE,closed,2018-04-13T18:59:00Z,2018-04-13T22:06:06Z,2018-04-13T22:06:06Z,organization-geospatial
datacarpentry,annefou,16,TRUE,closed,2018-04-13T17:42:45Z,2018-04-13T22:01:47Z,2018-04-13T22:01:47Z,organization-geospatial
datacarpentry,jduckles,15,FALSE,closed,2018-04-13T00:55:42Z,2018-04-17T14:25:33Z,2018-04-17T14:25:33Z,organization-geospatial
datacarpentry,ErinBecker,14,FALSE,open,2018-04-12T23:19:29Z,2018-04-12T23:19:29Z,NA,organization-geospatial
datacarpentry,ErinBecker,13,FALSE,open,2018-04-12T23:17:30Z,2018-04-13T17:30:15Z,NA,organization-geospatial
datacarpentry,ErinBecker,12,FALSE,open,2018-04-12T23:14:16Z,2018-04-13T19:12:42Z,NA,organization-geospatial
datacarpentry,ErinBecker,11,FALSE,open,2018-04-12T23:13:08Z,2018-04-13T18:09:12Z,NA,organization-geospatial
datacarpentry,ErinBecker,10,FALSE,open,2018-04-12T23:11:36Z,2018-04-12T23:11:36Z,NA,organization-geospatial
datacarpentry,ErinBecker,9,FALSE,open,2018-04-12T23:10:42Z,2018-04-13T19:33:22Z,NA,organization-geospatial
datacarpentry,ErinBecker,8,FALSE,open,2018-04-12T22:31:42Z,2018-04-13T17:45:40Z,NA,organization-geospatial
datacarpentry,ErinBecker,7,TRUE,closed,2018-04-12T18:27:11Z,2018-04-12T18:33:25Z,2018-04-12T18:33:25Z,organization-geospatial
datacarpentry,ErinBecker,6,FALSE,closed,2018-04-12T17:44:30Z,2018-04-12T18:33:25Z,2018-04-12T18:33:25Z,organization-geospatial
datacarpentry,ErinBecker,5,FALSE,open,2018-04-12T15:43:19Z,2018-04-12T15:45:14Z,NA,organization-geospatial
datacarpentry,obrl-soil,4,TRUE,closed,2018-04-12T00:25:39Z,2018-04-12T17:35:24Z,2018-04-12T17:35:24Z,organization-geospatial
datacarpentry,ErinBecker,3,FALSE,open,2018-04-05T18:56:38Z,2018-04-05T18:56:38Z,NA,organization-geospatial
datacarpentry,ErinBecker,2,FALSE,closed,2018-04-05T16:07:20Z,2018-04-14T03:07:31Z,2018-04-14T03:07:31Z,organization-geospatial
datacarpentry,ErinBecker,1,FALSE,open,2018-04-05T16:07:09Z,2018-04-14T03:06:05Z,NA,organization-geospatial
swcarpentry,flor14,73,TRUE,closed,2018-04-22T00:44:06Z,2018-04-22T16:11:29Z,2018-04-22T16:11:29Z,r-novice-gapminder-es
swcarpentry,spereyra,72,TRUE,closed,2018-04-19T02:53:48Z,2018-04-19T16:43:14Z,2018-04-19T16:42:11Z,r-novice-gapminder-es
swcarpentry,raynamharris,71,TRUE,closed,2018-04-18T21:54:08Z,2018-04-21T19:31:38Z,2018-04-21T19:31:34Z,r-novice-gapminder-es
swcarpentry,raynamharris,70,TRUE,closed,2018-04-18T21:25:32Z,2018-04-18T21:26:18Z,2018-04-18T21:26:15Z,r-novice-gapminder-es
swcarpentry,raynamharris,69,TRUE,open,2018-04-18T21:22:31Z,2018-04-18T21:23:07Z,NA,r-novice-gapminder-es
swcarpentry,spereyra,68,TRUE,closed,2018-04-18T19:03:32Z,2018-04-18T19:29:13Z,2018-04-18T19:29:11Z,r-novice-gapminder-es
swcarpentry,raynamharris,67,TRUE,closed,2018-04-16T12:04:42Z,2018-04-16T12:04:54Z,2018-04-16T12:04:54Z,r-novice-gapminder-es
swcarpentry,raynamharris,66,TRUE,closed,2018-04-15T22:40:43Z,2018-04-16T11:57:08Z,2018-04-16T11:57:08Z,r-novice-gapminder-es
swcarpentry,orchid00,65,TRUE,closed,2018-04-15T18:18:22Z,2018-04-15T21:46:43Z,2018-04-15T21:45:45Z,r-novice-gapminder-es
swcarpentry,spereyra,64,TRUE,closed,2018-04-14T03:22:12Z,2018-04-15T18:45:27Z,2018-04-15T18:45:22Z,r-novice-gapminder-es
swcarpentry,spereyra,63,TRUE,closed,2018-04-13T19:21:25Z,2018-04-14T14:03:05Z,2018-04-14T14:03:05Z,r-novice-gapminder-es
swcarpentry,raynamharris,62,TRUE,closed,2018-04-13T17:13:03Z,2018-04-16T11:57:34Z,2018-04-16T11:57:26Z,r-novice-gapminder-es
swcarpentry,spereyra,61,TRUE,closed,2018-04-13T15:17:54Z,2018-04-13T16:53:41Z,2018-04-13T16:53:38Z,r-novice-gapminder-es
swcarpentry,spereyra,60,TRUE,closed,2018-04-13T14:50:09Z,2018-04-13T16:51:06Z,2018-04-13T16:51:00Z,r-novice-gapminder-es
swcarpentry,fmichonneau,59,TRUE,closed,2018-04-13T14:45:48Z,2018-04-13T16:55:28Z,2018-04-13T14:45:56Z,r-novice-gapminder-es
swcarpentry,raynamharris,58,FALSE,closed,2018-04-13T12:32:35Z,2018-04-13T16:54:37Z,2018-04-13T16:54:37Z,r-novice-gapminder-es
swcarpentry,monialo2000,57,FALSE,open,2018-04-13T00:19:29Z,2018-04-19T17:05:33Z,NA,r-novice-gapminder-es
swcarpentry,flor14,56,TRUE,closed,2018-04-12T23:40:18Z,2018-04-13T16:51:15Z,2018-04-12T23:48:16Z,r-novice-gapminder-es
swcarpentry,ErinBecker,55,FALSE,open,2018-04-12T15:44:54Z,2018-04-22T05:57:20Z,NA,r-novice-gapminder-es
swcarpentry,orchid00,54,FALSE,closed,2018-04-10T19:10:52Z,2018-04-13T13:52:47Z,2018-04-13T13:51:04Z,r-novice-gapminder-es
swcarpentry,orchid00,53,FALSE,closed,2018-04-10T19:09:18Z,2018-04-13T15:41:43Z,2018-04-13T13:40:15Z,r-novice-gapminder-es
swcarpentry,orchid00,52,TRUE,closed,2018-04-10T11:08:48Z,2018-04-10T14:25:41Z,2018-04-10T14:25:41Z,r-novice-gapminder-es
swcarpentry,orchid00,51,TRUE,closed,2018-04-10T11:06:15Z,2018-04-10T14:26:14Z,2018-04-10T14:26:14Z,r-novice-gapminder-es
swcarpentry,orchid00,50,TRUE,closed,2018-04-10T11:05:13Z,2018-04-10T14:24:56Z,2018-04-10T14:24:56Z,r-novice-gapminder-es
swcarpentry,orchid00,49,TRUE,closed,2018-04-10T11:00:54Z,2018-04-10T14:22:04Z,2018-04-10T14:22:04Z,r-novice-gapminder-es
swcarpentry,raynamharris,48,TRUE,closed,2018-04-10T03:41:38Z,2018-04-10T10:54:43Z,2018-04-10T03:42:35Z,r-novice-gapminder-es
swcarpentry,raynamharris,47,TRUE,closed,2018-04-10T03:20:05Z,2018-04-10T03:20:12Z,2018-04-10T03:20:12Z,r-novice-gapminder-es
swcarpentry,raynamharris,46,TRUE,closed,2018-04-10T03:15:10Z,2018-04-10T03:15:57Z,2018-04-10T03:15:57Z,r-novice-gapminder-es
swcarpentry,raynamharris,45,TRUE,closed,2018-04-10T01:34:58Z,2018-04-10T01:35:31Z,2018-04-10T01:35:31Z,r-novice-gapminder-es
swcarpentry,orchid00,44,FALSE,closed,2018-04-09T12:39:52Z,2018-04-10T14:49:11Z,2018-04-10T01:35:48Z,r-novice-gapminder-es
swcarpentry,orchid00,43,TRUE,closed,2018-04-09T12:37:06Z,2018-04-10T02:00:17Z,2018-04-10T01:59:55Z,r-novice-gapminder-es
swcarpentry,orchid00,42,TRUE,closed,2018-04-09T12:36:19Z,2018-04-10T01:54:17Z,2018-04-10T01:51:56Z,r-novice-gapminder-es
swcarpentry,orchid00,41,TRUE,closed,2018-04-09T08:19:23Z,2018-04-10T14:43:03Z,2018-04-10T02:02:45Z,r-novice-gapminder-es
swcarpentry,raynamharris,40,TRUE,closed,2018-04-08T23:00:34Z,2018-04-09T18:31:20Z,2018-04-09T18:31:16Z,r-novice-gapminder-es
swcarpentry,raynamharris,39,FALSE,closed,2018-04-04T15:46:30Z,2018-04-18T19:30:58Z,2018-04-18T19:30:58Z,r-novice-gapminder-es
swcarpentry,raynamharris,38,TRUE,closed,2018-04-03T07:29:34Z,2018-04-10T02:05:04Z,2018-04-04T15:13:42Z,r-novice-gapminder-es
swcarpentry,raynamharris,36,FALSE,closed,2018-03-23T22:18:57Z,2018-04-13T03:27:28Z,2018-04-13T03:27:28Z,r-novice-gapminder-es
swcarpentry,raynamharris,35,FALSE,closed,2018-03-23T22:10:28Z,2018-04-14T13:46:44Z,2018-04-14T13:46:44Z,r-novice-gapminder-es
swcarpentry,raynamharris,34,FALSE,closed,2018-03-23T22:06:57Z,2018-04-18T19:33:35Z,2018-04-18T19:33:35Z,r-novice-gapminder-es
swcarpentry,raynamharris,33,FALSE,closed,2018-03-23T21:51:52Z,2018-04-22T05:56:10Z,2018-04-22T05:56:10Z,r-novice-gapminder-es
swcarpentry,raynamharris,31,FALSE,closed,2018-03-23T20:49:06Z,2018-04-21T19:32:40Z,2018-04-21T19:32:40Z,r-novice-gapminder-es
swcarpentry,raynamharris,30,FALSE,closed,2018-03-23T20:37:10Z,2018-04-14T14:00:37Z,2018-04-14T14:00:37Z,r-novice-gapminder-es
swcarpentry,raynamharris,29,FALSE,open,2018-03-23T20:34:21Z,2018-04-09T18:39:26Z,NA,r-novice-gapminder-es
swcarpentry,raynamharris,28,FALSE,open,2018-03-23T20:29:25Z,2018-04-21T20:05:58Z,NA,r-novice-gapminder-es
swcarpentry,raynamharris,27,FALSE,closed,2018-03-23T20:23:55Z,2018-04-22T16:11:54Z,2018-04-22T16:11:54Z,r-novice-gapminder-es
swcarpentry,raynamharris,26,TRUE,closed,2018-03-23T20:22:46Z,2018-04-09T18:34:13Z,2018-04-09T18:34:13Z,r-novice-gapminder-es
swcarpentry,raynamharris,25,FALSE,open,2018-03-23T20:09:32Z,2018-04-21T20:06:23Z,NA,r-novice-gapminder-es
swcarpentry,raynamharris,24,FALSE,closed,2018-03-23T20:08:17Z,2018-04-22T05:53:04Z,2018-04-22T05:52:57Z,r-novice-gapminder-es
swcarpentry,raynamharris,23,TRUE,closed,2018-03-23T19:53:56Z,2018-04-10T02:05:05Z,2018-04-09T18:32:03Z,r-novice-gapminder-es
swcarpentry,raynamharris,22,FALSE,open,2018-03-23T19:10:40Z,2018-04-19T16:49:17Z,NA,r-novice-gapminder-es
swcarpentry,raynamharris,21,FALSE,open,2018-03-23T19:03:27Z,2018-04-22T16:14:03Z,NA,r-novice-gapminder-es
swcarpentry,raynamharris,19,FALSE,closed,2018-03-23T16:40:46Z,2018-04-19T16:44:05Z,2018-04-19T16:43:58Z,r-novice-gapminder-es
swcarpentry,raynamharris,18,FALSE,open,2018-03-23T16:39:43Z,2018-04-21T14:05:04Z,NA,r-novice-gapminder-es
swcarpentry,raynamharris,17,FALSE,closed,2018-03-23T16:37:57Z,2018-04-19T16:48:29Z,2018-04-19T16:48:29Z,r-novice-gapminder-es
swcarpentry,raynamharris,14,FALSE,closed,2018-03-23T16:00:41Z,2018-04-18T19:29:49Z,2018-04-18T19:29:48Z,r-novice-gapminder-es
swcarpentry,raynamharris,13,FALSE,closed,2018-03-23T15:58:05Z,2018-04-18T19:29:32Z,2018-04-18T19:29:32Z,r-novice-gapminder-es
swcarpentry,raynamharris,12,FALSE,closed,2018-03-23T15:54:37Z,2018-04-15T21:46:50Z,2018-04-15T21:46:50Z,r-novice-gapminder-es
swcarpentry,fmichonneau,11,TRUE,closed,2018-03-23T15:45:04Z,2018-04-10T02:05:10Z,2018-03-23T15:45:36Z,r-novice-gapminder-es
swcarpentry,raynamharris,9,FALSE,closed,2018-03-23T15:18:05Z,2018-04-10T14:32:55Z,2018-03-23T20:57:49Z,r-novice-gapminder-es
swcarpentry,raynamharris,8,FALSE,closed,2018-03-23T15:08:23Z,2018-04-10T14:31:46Z,2018-03-23T16:03:07Z,r-novice-gapminder-es
swcarpentry,raynamharris,7,FALSE,closed,2018-03-23T14:55:07Z,2018-04-10T14:22:28Z,2018-04-10T14:22:28Z,r-novice-gapminder-es
swcarpentry,raynamharris,6,FALSE,closed,2018-03-20T16:38:13Z,2018-04-10T14:33:18Z,2018-03-23T14:32:39Z,r-novice-gapminder-es
swcarpentry,fmichonneau,3,TRUE,closed,2018-03-20T15:57:15Z,2018-04-10T02:05:12Z,2018-03-20T15:57:25Z,r-novice-gapminder-es
swcarpentry,rgaiacs,350,TRUE,open,2018-04-17T16:31:17Z,2018-04-18T08:54:00Z,NA,r-novice-inflammation
swcarpentry,pauljohn32,349,FALSE,closed,2018-04-14T17:50:18Z,2018-04-15T08:41:18Z,2018-04-15T08:37:36Z,r-novice-inflammation
swcarpentry,pauljohn32,348,FALSE,closed,2018-04-14T16:14:49Z,2018-04-15T08:59:59Z,2018-04-15T08:59:16Z,r-novice-inflammation
swcarpentry,branfosj,347,TRUE,closed,2018-04-11T09:50:40Z,2018-04-11T11:03:30Z,2018-04-11T10:59:52Z,r-novice-inflammation
swcarpentry,fmichonneau,346,FALSE,open,2018-04-10T19:22:12Z,2018-04-12T22:34:06Z,NA,r-novice-inflammation
swcarpentry,katrinleinweber,345,TRUE,closed,2018-04-03T19:14:58Z,2018-04-05T14:45:05Z,2018-04-05T14:45:01Z,r-novice-inflammation
swcarpentry,katrinleinweber,340,TRUE,closed,2018-03-09T09:15:53Z,2018-04-03T07:51:28Z,2018-04-03T07:51:18Z,r-novice-inflammation
swcarpentry,katrinleinweber,338,TRUE,closed,2018-03-09T09:06:37Z,2018-04-06T18:17:44Z,2018-04-06T18:17:37Z,r-novice-inflammation
swcarpentry,katrinleinweber,337,TRUE,closed,2018-03-09T07:36:17Z,2018-04-15T09:27:24Z,2018-04-15T09:27:24Z,r-novice-inflammation
swcarpentry,katrinleinweber,335,FALSE,closed,2018-03-07T07:27:37Z,2018-04-11T10:59:53Z,2018-04-11T10:59:53Z,r-novice-inflammation
swcarpentry,katrinleinweber,326,FALSE,closed,2018-02-02T14:39:56Z,2018-04-05T14:45:03Z,2018-04-05T14:45:03Z,r-novice-inflammation
swcarpentry,butterflyskip,310,TRUE,closed,2017-12-30T19:55:41Z,2018-04-06T18:15:03Z,2018-04-06T18:15:03Z,r-novice-inflammation
swcarpentry,paddytobias,303,TRUE,closed,2017-10-25T23:43:31Z,2018-04-03T07:54:12Z,2018-04-03T07:54:12Z,r-novice-inflammation
swcarpentry,gosianow,295,FALSE,open,2017-09-19T13:26:51Z,2018-04-13T08:53:26Z,NA,r-novice-inflammation
swcarpentry,valentina-s,284,FALSE,open,2017-06-12T21:24:48Z,2018-04-14T17:57:38Z,NA,r-novice-inflammation
swcarpentry,Geeketics,276,FALSE,open,2017-04-22T03:13:14Z,2018-04-15T09:16:37Z,NA,r-novice-inflammation
swcarpentry,gvwilson,220,FALSE,open,2016-07-06T14:38:55Z,2018-04-14T17:43:44Z,NA,r-novice-inflammation
carpentries,karenword,675,TRUE,closed,2018-04-21T00:58:21Z,2018-04-23T20:32:55Z,2018-04-23T20:32:55Z,instructor-training
carpentries,lexnederbragt,674,TRUE,closed,2018-04-18T07:17:53Z,2018-04-18T20:25:05Z,2018-04-18T20:25:05Z,instructor-training
carpentries,raynamharris,673,FALSE,open,2018-04-18T06:55:17Z,2018-04-18T21:43:49Z,NA,instructor-training
carpentries,gvwilson,672,FALSE,open,2018-04-17T14:00:45Z,2018-04-17T17:01:27Z,NA,instructor-training
carpentries,gvwilson,671,TRUE,open,2018-04-17T13:59:22Z,2018-04-24T19:53:09Z,NA,instructor-training
carpentries,karenword,670,TRUE,closed,2018-04-13T23:10:52Z,2018-04-17T13:27:36Z,2018-04-17T13:27:36Z,instructor-training
carpentries,karenword,669,TRUE,open,2018-04-13T20:22:46Z,2018-04-13T20:22:46Z,NA,instructor-training
carpentries,maneesha,668,FALSE,open,2018-04-13T14:54:53Z,2018-04-13T14:54:53Z,NA,instructor-training
carpentries,murraycadzow,667,TRUE,closed,2018-04-13T04:05:18Z,2018-04-13T12:36:40Z,2018-04-13T12:36:40Z,instructor-training
carpentries,karenword,666,TRUE,closed,2018-04-12T22:30:49Z,2018-04-13T19:56:57Z,2018-04-13T12:37:05Z,instructor-training
carpentries,karenword,665,FALSE,closed,2018-04-11T20:18:34Z,2018-04-11T20:26:58Z,2018-04-11T20:26:58Z,instructor-training
carpentries,ChristinaLK,664,FALSE,open,2018-04-05T14:19:27Z,2018-04-17T13:28:38Z,NA,instructor-training
carpentries,katrinleinweber,663,TRUE,closed,2018-04-03T08:30:23Z,2018-04-03T19:03:45Z,2018-04-03T17:03:21Z,instructor-training
carpentries,kariljordan,662,FALSE,closed,2018-04-02T18:51:26Z,2018-04-02T19:43:13Z,2018-04-02T19:43:13Z,instructor-training
carpentries,kariljordan,661,TRUE,closed,2018-04-02T11:56:35Z,2018-04-02T16:11:37Z,2018-04-02T16:11:37Z,instructor-training
carpentries,PLNReynolds,658,FALSE,open,2018-03-27T23:15:26Z,2018-04-12T17:31:51Z,NA,instructor-training
carpentries,karenword,657,FALSE,open,2018-03-27T18:48:01Z,2018-04-03T07:50:24Z,NA,instructor-training
carpentries,sheraaron,652,FALSE,open,2018-03-21T18:08:27Z,2018-04-13T20:52:05Z,NA,instructor-training
carpentries,fmichonneau,651,FALSE,open,2018-03-21T14:23:08Z,2018-04-18T15:45:40Z,NA,instructor-training
carpentries,symulation,649,FALSE,open,2018-03-20T04:56:19Z,2018-04-23T18:57:00Z,NA,instructor-training
carpentries,weaverbel,645,FALSE,open,2018-03-14T01:53:14Z,2018-04-09T17:51:45Z,NA,instructor-training
carpentries,ChristinaLK,643,FALSE,open,2018-03-13T17:17:19Z,2018-04-09T17:46:18Z,NA,instructor-training
carpentries,ChristinaLK,641,FALSE,open,2018-03-07T15:02:29Z,2018-04-09T17:46:18Z,NA,instructor-training
carpentries,ChristinaLK,640,FALSE,open,2018-03-07T14:57:51Z,2018-04-13T12:39:45Z,NA,instructor-training
carpentries,fmichonneau,639,FALSE,open,2018-03-05T13:10:43Z,2018-04-09T17:51:45Z,NA,instructor-training
carpentries,fmichonneau,634,FALSE,open,2018-02-28T21:06:30Z,2018-04-09T17:46:18Z,NA,instructor-training
carpentries,fmichonneau,628,FALSE,closed,2018-02-22T23:50:16Z,2018-04-13T19:55:49Z,2018-04-13T19:55:49Z,instructor-training
carpentries,fmichonneau,627,FALSE,open,2018-02-22T22:20:45Z,2018-04-10T16:56:02Z,NA,instructor-training
carpentries,gvwilson,622,FALSE,open,2018-02-13T14:40:46Z,2018-04-09T17:46:17Z,NA,instructor-training
carpentries,cderose,619,FALSE,open,2018-02-02T02:18:09Z,2018-04-09T17:46:17Z,NA,instructor-training
carpentries,gvwilson,618,FALSE,open,2018-02-01T20:34:04Z,2018-04-09T17:46:17Z,NA,instructor-training
carpentries,goldmj,616,FALSE,closed,2018-01-31T20:40:43Z,2018-04-13T12:38:17Z,2018-04-13T12:38:17Z,instructor-training
carpentries,symulation,615,FALSE,open,2018-01-31T20:35:45Z,2018-04-12T05:21:13Z,NA,instructor-training
carpentries,symulation,614,FALSE,open,2018-01-31T20:33:55Z,2018-04-12T05:21:33Z,NA,instructor-training
carpentries,tobyhodges,606,TRUE,open,2018-01-17T16:45:31Z,2018-04-09T17:48:06Z,NA,instructor-training
carpentries,ErinBecker,593,FALSE,open,2017-12-21T21:27:40Z,2018-04-09T17:46:17Z,NA,instructor-training
carpentries,elliewix,589,FALSE,open,2017-12-15T21:49:07Z,2018-04-09T17:46:17Z,NA,instructor-training
carpentries,elliewix,584,FALSE,open,2017-12-14T19:10:23Z,2018-04-15T09:07:09Z,NA,instructor-training
carpentries,ErinBecker,556,FALSE,open,2017-11-02T18:35:19Z,2018-04-12T17:05:47Z,NA,instructor-training
carpentries,ChristinaLK,549,FALSE,open,2017-10-28T19:41:39Z,2018-04-09T17:46:17Z,NA,instructor-training
carpentries,ChristinaLK,544,FALSE,closed,2017-10-25T13:23:27Z,2018-04-13T16:48:24Z,2018-04-13T16:48:24Z,instructor-training
carpentries,fmichonneau,540,FALSE,open,2017-10-24T15:29:57Z,2018-04-12T05:25:04Z,NA,instructor-training
carpentries,karenword,535,FALSE,open,2017-10-24T04:20:02Z,2018-04-09T17:48:06Z,NA,instructor-training
carpentries,ChristinaLK,534,FALSE,open,2017-10-22T20:59:02Z,2018-04-09T17:48:05Z,NA,instructor-training
carpentries,raynamharris,527,FALSE,open,2017-10-11T19:45:47Z,2018-04-12T05:25:03Z,NA,instructor-training
carpentries,weaverbel,509,FALSE,open,2017-09-28T06:00:27Z,2018-04-12T05:25:03Z,NA,instructor-training
carpentries,fmichonneau,505,FALSE,open,2017-09-24T12:43:10Z,2018-04-12T05:25:03Z,NA,instructor-training
carpentries,rgaiacs,496,FALSE,open,2017-08-27T11:11:18Z,2018-04-09T17:48:05Z,NA,instructor-training
